"Cube Title","Product Id","CANSIM Id",URL,"Cube Notes","Archive Status",Frequency,"Start Reference Period","End Reference Period","Total number of dimensions"
"Canadian Business Counts, with employees, census metropolitan areas and census subdivisions, June 2021","33100397",,"https://www150.statcan.gc.ca/t1/tbl1/en/tv.action?pid=3310039701",1;2;3,"CURRENT - a cube available to the public and that is current","Semi-annual","2021-01-01","2021-01-01","3",

"Dimension ID","Dimension name","Dimension Notes","Dimension Definitions"
"1","Geography",,""
"2","Employment size",4,""
"3","North American Industry Classification System (NAICS)",5,""

"Dimension ID","Member Name","Classification Code","Member ID","Parent Member ID",Terminated,"Member Notes","Member Definitions"
"1","St. John's","[001]","1","","",,
"1","Conception Bay South","[1001485]","2","1","",,
"1","Portugal Cove-St. Philip's","[1001504]","3","1","",,
"1","Pouch Cove","[1001505]","4","1","",,
"1","Flatrock","[1001507]","5","1","",,
"1","Torbay","[1001509]","6","1","",,
"1","Logy Bay-Middle Cove-Outer Cove","[1001511]","7","1","",,
"1","Bauline","[1001512]","8","1","",,
"1","Paradise","[1001517]","9","1","",,
"1","St. John's","[1001519]","10","1","",,
"1","Mount Pearl","[1001542]","11","1","",,
"1","Petty Harbour-Maddox Cove","[1001551]","12","1","",,
"1","Bay Bulls","[1001557]","13","1","",,
"1","Witless Bay","[1001559]","14","1","",,
"1","Halifax","[205]","15","","",,
"1","Cole Harbour 30","[1209019]","16","15","",,
"1","Shubenacadie 13","[1209029]","17","15","",,
"1","Halifax","[1209034]","18","15","",,
"1","Beaver Lake 17","[1209037]","19","15","",,
"1","Sheet Harbour 36","[1209038]","20","15","",,
"1","Wallace Hills 14A","[1209800]","21","15","",,
"1","Moncton","[305]","22","","",,
"1","Hopewell","[1306001]","23","22","",,
"1","Elgin","[1306008]","24","22","",,
"1","Hillsborough","[1306011]","25","22","",,
"1","Coverdale","[1306014]","26","22","",,
"1","Riverview","[1306020]","27","22","",,
"1","Hillsborough","[1306025]","28","22","",,
"1","Dorchester","[1307011]","29","22","",,
"1","Dorchester","[1307012]","30","22","",,
"1","Memramcook","[1307013]","31","22","",,
"1","Fort Folly 1","[1307014]","32","22","",,
"1","Moncton","[1307019]","33","22","",,
"1","Moncton","[1307022]","34","22","",,
"1","Salisbury","[1307028]","35","22","",,
"1","Dieppe","[1307045]","36","22","",,
"1","Saint-Paul","[1308008]","37","22","",,
"1","Saint John","[310]","38","","",,
"1","Saint Martins","[1301001]","39","38","",,
"1","St. Martins","[1301002]","40","38","",,
"1","Simonds","[1301004]","41","38","",,
"1","Saint John","[1301006]","42","38","",,
"1","Musquash","[1301016]","43","38","",,
"1","Lepreau","[1302008]","44","38","",,
"1","Petersville","[1304001]","45","38","",,
"1","Upham","[1305004]","46","38","",,
"1","Hampton","[1305006]","47","38","",,
"1","Hampton","[1305007]","48","38","",,
"1","Rothesay","[1305008]","49","38","",,
"1","Westfield","[1305011]","50","38","",,
"1","Kingston","[1305014]","51","38","",,
"1","Grand Bay-Westfield","[1305015]","52","38","",,
"1","Norton","[1305016]","53","38","",,
"1","Greenwich","[1305038]","54","38","",,
"1","Rothesay","[1305045]","55","38","",,
"1","Quispamsis","[1305057]","56","38","",,
"1","Saguenay","[408]","57","","",,
"1","Saguenay","[2494068]","58","57","",,
"1","Saint-Félix-d'Otis","[2494225]","59","57","",,
"1","Sainte-Rose-du-Nord","[2494230]","60","57","",,
"1","Saint-Fulgence","[2494235]","61","57","",,
"1","Saint-Honoré","[2494240]","62","57","",,
"1","Saint-David-de-Falardeau","[2494245]","63","57","",,
"1","Bégin","[2494250]","64","57","",,
"1","Saint-Charles-de-Bourget","[2494260]","65","57","",,
"1","Larouche","[2494265]","66","57","",,
"1","Québec","[421]","67","","",,
"1","Saint-Henri","[2419068]","68","67","",,
"1","Beaumont","[2419105]","69","67","",,
"1","Saint-François-de-l'Île-d'Orléans","[2420005]","70","67","",,
"1","Sainte-Famille","[2420010]","71","67","",,
"1","Saint-Jean-de-l'Île-d'Orléans","[2420015]","72","67","",,
"1","Saint-Laurent-de-l'Île-d'Orléans","[2420020]","73","67","",,
"1","Saint-Pierre-de-l'Île-d'Orléans","[2420025]","74","67","",,
"1","Sainte-Pétronille","[2420030]","75","67","",,
"1","Château-Richer","[2421035]","76","67","",,
"1","L'Ange-Gardien","[2421040]","77","67","",,
"1","Boischatel","[2421045]","78","67","",,
"1","Sainte-Catherine-de-la-Jacques-Cartier","[2422005]","79","67","",,
"1","Fossambault-sur-le-Lac","[2422010]","80","67","",,
"1","Lac-Saint-Joseph","[2422015]","81","67","",,
"1","Shannon","[2422020]","82","67","",,
"1","Saint-Gabriel-de-Valcartier","[2422025]","83","67","",,
"1","Lac-Delage","[2422030]","84","67","",,
"1","Stoneham-et-Tewkesbury","[2422035]","85","67","",,
"1","Lac-Beauport","[2422040]","86","67","",,
"1","Sainte-Brigitte-de-Laval","[2422045]","87","67","",,
"1","Notre-Dame-des-Anges","[2423015]","88","67","",,
"1","Québec","[2423027]","89","67","",,
"1","L'Ancienne-Lorette","[2423057]","90","67","",,
"1","Saint-Augustin-de-Desmaures","[2423072]","91","67","",,
"1","Wendake","[2423802]","92","67","",,
"1","Lévis","[2425213]","93","67","",,
"1","Saint-Lambert-de-Lauzon","[2426070]","94","67","",,
"1","Saint-Antoine-de-Tilly","[2433095]","95","67","",,
"1","Neuville","[2434007]","96","67","",,
"1","Sherbrooke","[433]","97","","",,
"1","Ascot Corner","[2441055]","98","97","",,
"1","Stoke","[2442005]","99","97","",,
"1","Saint-Denis-de-Brompton","[2442025]","100","97","",,
"1","Val-Joli","[2442095]","101","97","",,
"1","Sherbrooke","[2443027]","102","97","",,
"1","Compton","[2444071]","103","97","",,
"1","Waterville","[2444080]","104","97","",,
"1","North Hatley","[2445050]","105","97","",,
"1","Hatley","[2445055]","106","97","",,
"1","Magog","[2445072]","107","97","",,
"1","Orford","[2445115]","108","97","",,
"1","Trois-Rivières","[442]","109","","",,
"1","Trois-Rivières","[2437067]","110","109","",,
"1","Champlain","[2437220]","111","109","",,
"1","Saint-Luc-de-Vincennes","[2437225]","112","109","",,
"1","Saint-Maurice","[2437230]","113","109","",,
"1","Bécancour","[2438010]","114","109","",,
"1","Wôlinak","[2438802]","115","109","",,
"1","Yamachiche","[2451020]","116","109","",,
"1","Montréal","[462]","117","","",,
"1","Lavaltrie","[2452007]","118","117","",,
"1","Richelieu","[2455057]","119","117","",,
"1","Saint-Mathias-sur-Richelieu","[2455065]","120","117","",,
"1","Saint-Jean-sur-Richelieu","[2456083]","121","117","",,
"1","Chambly","[2457005]","122","117","",,
"1","Carignan","[2457010]","123","117","",,
"1","Saint-Basile-le-Grand","[2457020]","124","117","",,
"1","McMasterville","[2457025]","125","117","",,
"1","Otterburn Park","[2457030]","126","117","",,
"1","Mont-Saint-Hilaire","[2457035]","127","117","",,
"1","Beloeil","[2457040]","128","117","",,
"1","Saint-Mathieu-de-Beloeil","[2457045]","129","117","",,
"1","Brossard","[2458007]","130","117","",,
"1","Saint-Lambert","[2458012]","131","117","",,
"1","Boucherville","[2458033]","132","117","",,
"1","Saint-Bruno-de-Montarville","[2458037]","133","117","",,
"1","Longueuil","[2458227]","134","117","",,
"1","Sainte-Julie","[2459010]","135","117","",,
"1","Saint-Amable","[2459015]","136","117","",,
"1","Varennes","[2459020]","137","117","",,
"1","Verchères","[2459025]","138","117","",,
"1","Charlemagne","[2460005]","139","117","",,
"1","Repentigny","[2460013]","140","117","",,
"1","Saint-Sulpice","[2460020]","141","117","",,
"1","L'Assomption","[2460028]","142","117","",,
"1","L'Épiphanie","[2460035]","143","117","",,
"1","L'Épiphanie","[2460040]","144","117","",,
"1","Saint-Lin--Laurentides","[2463048]","145","117","",,
"1","Terrebonne","[2464008]","146","117","",,
"1","Mascouche","[2464015]","147","117","",,
"1","Laval","[2465005]","148","117","",,
"1","Montréal-Est","[2466007]","149","117","",,
"1","Montréal","[2466023]","150","117","",,
"1","Westmount","[2466032]","151","117","",,
"1","Montréal-Ouest","[2466047]","152","117","",,
"1","Côte-Saint-Luc","[2466058]","153","117","",,
"1","Hampstead","[2466062]","154","117","",,
"1","Mont-Royal","[2466072]","155","117","",,
"1","Dorval","[2466087]","156","117","",,
"1","L'Île-Dorval","[2466092]","157","117","",,
"1","Pointe-Claire","[2466097]","158","117","",,
"1","Kirkland","[2466102]","159","117","",,
"1","Beaconsfield","[2466107]","160","117","",,
"1","Baie-D'Urfé","[2466112]","161","117","",,
"1","Sainte-Anne-de-Bellevue","[2466117]","162","117","",,
"1","Senneville","[2466127]","163","117","",,
"1","Dollard-Des Ormeaux","[2466142]","164","117","",,
"1","Saint-Mathieu","[2467005]","165","117","",,
"1","Saint-Philippe","[2467010]","166","117","",,
"1","La Prairie","[2467015]","167","117","",,
"1","Candiac","[2467020]","168","117","",,
"1","Delson","[2467025]","169","117","",,
"1","Sainte-Catherine","[2467030]","170","117","",,
"1","Saint-Constant","[2467035]","171","117","",,
"1","Saint-Isidore","[2467040]","172","117","",,
"1","Mercier","[2467045]","173","117","",,
"1","Châteauguay","[2467050]","174","117","",,
"1","Léry","[2467055]","175","117","",,
"1","Kahnawake","[2467802]","176","117","",,
"1","Beauharnois","[2470022]","177","117","",,
"1","Saint-Zotique","[2471025]","178","117","",,
"1","Les Coteaux","[2471033]","179","117","",,
"1","Coteau-du-Lac","[2471040]","180","117","",,
"1","Les Cèdres","[2471050]","181","117","",,
"1","Pointe-des-Cascades","[2471055]","182","117","",,
"1","L'Île-Perrot","[2471060]","183","117","",,
"1","Notre-Dame-de-l'Île-Perrot","[2471065]","184","117","",,
"1","Pincourt","[2471070]","185","117","",,
"1","Terrasse-Vaudreuil","[2471075]","186","117","",,
"1","Vaudreuil-Dorion","[2471083]","187","117","",,
"1","Vaudreuil-sur-le-Lac","[2471090]","188","117","",,
"1","L'Île-Cadieux","[2471095]","189","117","",,
"1","Hudson","[2471100]","190","117","",,
"1","Saint-Lazare","[2471105]","191","117","",,
"1","Saint-Eustache","[2472005]","192","117","",,
"1","Deux-Montagnes","[2472010]","193","117","",,
"1","Sainte-Marthe-sur-le-Lac","[2472015]","194","117","",,
"1","Pointe-Calumet","[2472020]","195","117","",,
"1","Saint-Joseph-du-Lac","[2472025]","196","117","",,
"1","Oka","[2472032]","197","117","",,
"1","Saint-Placide","[2472043]","198","117","",,
"1","Kanesatake","[2472802]","199","117","",,
"1","Boisbriand","[2473005]","200","117","",,
"1","Sainte-Thérèse","[2473010]","201","117","",,
"1","Blainville","[2473015]","202","117","",,
"1","Rosemère","[2473020]","203","117","",,
"1","Lorraine","[2473025]","204","117","",,
"1","Bois-des-Filion","[2473030]","205","117","",,
"1","Sainte-Anne-des-Plaines","[2473035]","206","117","",,
"1","Mirabel","[2474005]","207","117","",,
"1","Saint-Colomban","[2475005]","208","117","",,
"1","Saint-Jérôme","[2475017]","209","117","",,
"1","Gore","[2476025]","210","117","",,
"1","Ottawa - Gatineau","[505]","211","","",,
"1","Thurso","[2480050]","212","211","",,
"1","Lochaber","[2480055]","213","211","",,
"1","Lochaber-Partie-Ouest","[2480060]","214","211","",,
"1","Mayo","[2480065]","215","211","",,
"1","Val-des-Bois","[2480140]","216","211","",,
"1","Bowman","[2480145]","217","211","",,
"1","Gatineau","[2481017]","218","211","",,
"1","L'Ange-Gardien","[2482005]","219","211","",,
"1","Notre-Dame-de-la-Salette","[2482010]","220","211","",,
"1","Val-des-Monts","[2482015]","221","211","",,
"1","Cantley","[2482020]","222","211","",,
"1","Chelsea","[2482025]","223","211","",,
"1","Pontiac","[2482030]","224","211","",,
"1","La Pêche","[2482035]","225","211","",,
"1","Denholm","[2483005]","226","211","",,
"1","Clarence-Rockland","[3502036]","227","211","",,
"1","Russell","[3502048]","228","211","",,
"1","Ottawa","[3506008]","229","211","",,
"1","North Grenville","[3507065]","230","211","",,
"1","Kingston","[521]","231","","",,
"1","Frontenac Islands","[3510005]","232","231","",,
"1","Kingston","[3510010]","233","231","",,
"1","South Frontenac","[3510020]","234","231","",,
"1","Loyalist","[3511005]","235","231","",,
"1","Belleville","[522]","236","","",,
"1","Tyendinaga","[3512001]","237","236","",,
"1","Belleville","[3512005]","238","236","",,
"1","Quinte West","[3512015]","239","236","",,
"1","Stirling-Rawdon","[3512020]","240","236","",,
"1","Peterborough","[529]","241","","",,
"1","Otonabee-South Monaghan","[3515005]","242","241","",,
"1","Hiawatha First Nation","[3515008]","243","241","",,
"1","Cavan Monaghan","[3515013]","244","241","",,
"1","Peterborough","[3515014]","245","241","",,
"1","Selwyn","[3515015]","246","241","",,
"1","Curve Lake First Nation 35","[3515019]","247","241","",,
"1","Douro-Dummer","[3515023]","248","241","",,
"1","Oshawa","[532]","249","","",,
"1","Whitby","[3518009]","250","249","",,
"1","Oshawa","[3518013]","251","249","",,
"1","Clarington","[3518017]","252","249","",,
"1","Toronto","[535]","253","","",,
"1","Pickering","[3518001]","254","253","",,
"1","Ajax","[3518005]","255","253","",,
"1","Uxbridge","[3518029]","256","253","",,
"1","Vaughan","[3519028]","257","253","",,
"1","Markham","[3519036]","258","253","",,
"1","Richmond Hill","[3519038]","259","253","",,
"1","Whitchurch-Stouffville","[3519044]","260","253","",,
"1","Aurora","[3519046]","261","253","",,
"1","Newmarket","[3519048]","262","253","",,
"1","King","[3519049]","263","253","",,
"1","East Gwillimbury","[3519054]","264","253","",,
"1","Georgina","[3519070]","265","253","",,
"1","Chippewas of Georgina Island First Nation","[3519076]","266","253","",,
"1","Toronto","[3520005]","267","253","",,
"1","Mississauga","[3521005]","268","253","",,
"1","Brampton","[3521010]","269","253","",,
"1","Caledon","[3521024]","270","253","",,
"1","Mono","[3522012]","271","253","",,
"1","Orangeville","[3522014]","272","253","",,
"1","Oakville","[3524001]","273","253","",,
"1","Milton","[3524009]","274","253","",,
"1","Halton Hills","[3524015]","275","253","",,
"1","New Tecumseth","[3543007]","276","253","",,
"1","Bradford West Gwillimbury","[3543014]","277","253","",,
"1","Hamilton","[537]","278","","",,
"1","Burlington","[3524002]","279","278","",,
"1","Hamilton","[3525005]","280","278","",,
"1","Grimsby","[3526065]","281","278","",,
"1","St. Catharines - Niagara","[539]","282","","",,
"1","Fort Erie","[3526003]","283","282","",,
"1","Port Colborne","[3526011]","284","282","",,
"1","Wainfleet","[3526014]","285","282","",,
"1","Pelham","[3526028]","286","282","",,
"1","Welland","[3526032]","287","282","",,
"1","Thorold","[3526037]","288","282","",,
"1","Niagara Falls","[3526043]","289","282","",,
"1","Niagara-on-the-Lake","[3526047]","290","282","",,
"1","St. Catharines","[3526053]","291","282","",,
"1","Lincoln","[3526057]","292","282","",,
"1","Kitchener - Cambridge - Waterloo","[541]","293","","",,
"1","North Dumfries","[3530004]","294","293","",,
"1","Cambridge","[3530010]","295","293","",,
"1","Kitchener","[3530013]","296","293","",,
"1","Waterloo","[3530016]","297","293","",,
"1","Wilmot","[3530020]","298","293","",,
"1","Woolwich","[3530035]","299","293","",,
"1","Brantford","[543]","300","","",,
"1","Brant","[3529005]","301","300","",,
"1","Brantford","[3529006]","302","300","",,
"1","Six Nations (Part) 40","[3529020]","303","300","",,
"1","Guelph","[550]","304","","",,
"1","Puslinch","[3523001]","305","304","",,
"1","Guelph","[3523008]","306","304","",,
"1","Guelph/Eramosa","[3523009]","307","304","",,
"1","London","[555]","308","","",,
"1","Central Elgin","[3534020]","309","308","",,
"1","St. Thomas","[3534021]","310","308","",,
"1","Southwold","[3534024]","311","308","",,
"1","Strathroy-Caradoc","[3539015]","312","308","",,
"1","Thames Centre","[3539027]","313","308","",,
"1","Middlesex Centre","[3539033]","314","308","",,
"1","London","[3539036]","315","308","",,
"1","Adelaide-Metcalfe","[3539047]","316","308","",,
"1","Windsor","[559]","317","","",,
"1","Amherstburg","[3537028]","318","317","",,
"1","LaSalle","[3537034]","319","317","",,
"1","Windsor","[3537039]","320","317","",,
"1","Tecumseh","[3537048]","321","317","",,
"1","Lakeshore","[3537064]","322","317","",,
"1","Barrie","[568]","323","","",,
"1","Springwater","[3543009]","324","323","",,
"1","Innisfil","[3543017]","325","323","",,
"1","Barrie","[3543042]","326","323","",,
"1","Greater Sudbury","[580]","327","","",,
"1","Markstay-Warren","[3552013]","328","327","",,
"1","Whitefish Lake 6","[3552051]","329","327","",,
"1","Greater Sudbury","[3553005]","330","327","",,
"1","Wahnapitei 11","[3553040]","331","327","",,
"1","Thunder Bay","[595]","332","","",,
"1","Neebing","[3558001]","333","332","",,
"1","Fort William 52","[3558003]","334","332","",,
"1","Thunder Bay","[3558004]","335","332","",,
"1","Oliver Paipoonge","[3558011]","336","332","",,
"1","Gillies","[3558012]","337","332","",,
"1","O'Connor","[3558016]","338","332","",,
"1","Conmee","[3558019]","339","332","",,
"1","Shuniah","[3558028]","340","332","",,
"1","Winnipeg","[602]","341","","",,
"1","Taché","[4602069]","342","341","",,
"1","Ritchot","[4602075]","343","341","",,
"1","Macdonald","[4610035]","344","341","",,
"1","St. François Xavier","[4610052]","345","341","",,
"1","Winnipeg","[4611040]","346","341","",,
"1","Headingley","[4611042]","347","341","",,
"1","Springfield","[4612047]","348","341","",,
"1","East St. Paul","[4613032]","349","341","",,
"1","West St. Paul","[4613037]","350","341","",,
"1","St. Clements","[4613056]","351","341","",,
"1","Brokenhead 4","[4613062]","352","341","",,
"1","Rosser","[4614015]","353","341","",,
"1","Regina","[705]","354","","",,
"1","Lajord No. 128","[4706011]","355","354","",,
"1","Pense No. 160","[4706021]","356","354","",,
"1","Belle Plaine","[4706022]","357","354","",,
"1","Pense","[4706023]","358","354","",,
"1","Sherwood No. 159","[4706026]","359","354","",,
"1","Regina","[4706027]","360","354","",,
"1","Grand Coulee","[4706028]","361","354","",,
"1","Edenwold No. 158","[4706029]","362","354","",,
"1","White City","[4706030]","363","354","",,
"1","Pilot Butte","[4706031]","364","354","",,
"1","Balgonie","[4706032]","365","354","",,
"1","Edenwold","[4706033]","366","354","",,
"1","Lumsden No. 189","[4706053]","367","354","",,
"1","Disley","[4706054]","368","354","",,
"1","Buena Vista","[4706055]","369","354","",,
"1","Lumsden","[4706056]","370","354","",,
"1","Lumsden Beach","[4706057]","371","354","",,
"1","Regina Beach","[4706058]","372","354","",,
"1","Saskatoon","[725]","373","","",,
"1","Thode","[4711060]","374","373","",,
"1","Dundurn No. 314","[4711061]","375","373","",,
"1","Dundurn","[4711063]","376","373","",,
"1","Shields","[4711064]","377","373","",,
"1","Corman Park No. 344","[4711065]","378","373","",,
"1","Saskatoon","[4711066]","379","373","",,
"1","Langham","[4711067]","380","373","",,
"1","Warman","[4711068]","381","373","",,
"1","Blucher No. 343","[4711069]","382","373","",,
"1","Martensville","[4711070]","383","373","",,
"1","Bradwell","[4711071]","384","373","",,
"1","Allan","[4711072]","385","373","",,
"1","Dalmeny","[4711073]","386","373","",,
"1","Osler","[4711075]","387","373","",,
"1","Colonsay No. 342","[4711076]","388","373","",,
"1","Clavet","[4711077]","389","373","",,
"1","Meacham","[4711078]","390","373","",,
"1","Colonsay","[4711079]","391","373","",,
"1","Whitecap","[4711828]","392","373","",,
"1","Vanscoy No. 345","[4712054]","393","373","",,
"1","Delisle","[4712056]","394","373","",,
"1","Vanscoy","[4712058]","395","373","",,
"1","Asquith","[4712059]","396","373","",,
"1","Aberdeen No. 373","[4715018]","397","373","",,
"1","Aberdeen","[4715019]","398","373","",,
"1","Lethbridge","[810]","399","","",,
"1","Lethbridge County","[4802011]","400","399","",,
"1","Lethbridge","[4802012]","401","399","",,
"1","Coalhurst","[4802013]","402","399","",,
"1","Nobleford","[4802014]","403","399","",,
"1","Barons","[4802016]","404","399","",,
"1","Picture Butte","[4802018]","405","399","",,
"1","Coaldale","[4802019]","406","399","",,
"1","Calgary","[825]","407","","",,
"1","Rocky View County","[4806014]","408","407","",,
"1","Calgary","[4806016]","409","407","",,
"1","Chestermere","[4806017]","410","407","",,
"1","Cochrane","[4806019]","411","407","",,
"1","Airdrie","[4806021]","412","407","",,
"1","Irricana","[4806022]","413","407","",,
"1","Beiseker","[4806024]","414","407","",,
"1","Crossfield","[4806026]","415","407","",,
"1","Tsuu T'ina Nation 145 (Sarcee 145)","[4806804]","416","407","",,
"1","Edmonton","[835]","417","","",,
"1","Bruderheim","[4810066]","418","417","",,
"1","Leduc County","[4811012]","419","417","",,
"1","Beaumont","[4811013]","420","417","",,
"1","Leduc","[4811016]","421","417","",,
"1","Devon","[4811018]","422","417","",,
"1","Calmar","[4811019]","423","417","",,
"1","Sundance Beach","[4811020]","424","417","",,
"1","Thorsby","[4811021]","425","417","",,
"1","Itaska Beach","[4811022]","426","417","",,
"1","Golden Days","[4811023]","427","417","",,
"1","Warburg","[4811024]","428","417","",,
"1","Parkland County","[4811034]","429","417","",,
"1","Seba Beach","[4811038]","430","417","",,
"1","Betula Beach","[4811039]","431","417","",,
"1","Point Alison","[4811041]","432","417","",,
"1","Lakeview","[4811042]","433","417","",,
"1","Kapasiwin","[4811044]","434","417","",,
"1","Wabamun","[4811045]","435","417","",,
"1","Spring Lake","[4811046]","436","417","",,
"1","Stony Plain","[4811048]","437","417","",,
"1","Spruce Grove","[4811049]","438","417","",,
"1","Strathcona County","[4811052]","439","417","",,
"1","Fort Saskatchewan","[4811056]","440","417","",,
"1","Sturgeon County","[4811059]","441","417","",,
"1","Edmonton","[4811061]","442","417","",,
"1","St. Albert","[4811062]","443","417","",,
"1","Gibbons","[4811064]","444","417","",,
"1","Redwater","[4811065]","445","417","",,
"1","Bon Accord","[4811066]","446","417","",,
"1","Morinville","[4811068]","447","417","",,
"1","Legal","[4811069]","448","417","",,
"1","Stony Plain 135","[4811804]","449","417","",,
"1","Alexander 134","[4811805]","450","417","",,
"1","Wabamun 133A","[4811806]","451","417","",,
"1","Wabamun 133B","[4811807]","452","417","",,
"1","Kelowna","[915]","453","","",,
"1","Kelowna","[5935010]","454","453","",,
"1","Central Okanagan","[5935012]","455","453","",,
"1","Lake Country","[5935016]","456","453","",,
"1","Peachland","[5935018]","457","453","",,
"1","Central Okanagan J","[5935020]","458","453","",,
"1","West Kelowna","[5935029]","459","453","",,
"1","Duck Lake 7","[5935801]","460","453","",,
"1","Tsinstikeptum  9","[5935802]","461","453","",,
"1","Tsinstikeptum 10","[5935803]","462","453","",,
"1","Abbotsford - Mission","[932]","463","","",,
"1","Abbotsford","[5909052]","464","463","",,
"1","Mission","[5909056]","465","463","",,
"1","Upper Sumas 6","[5909877]","466","463","",,
"1","Matsqui Main 2","[5909878]","467","463","",,
"1","Vancouver","[933]","468","","",,
"1","Langley","[5915001]","469","468","",,
"1","Langley","[5915002]","470","468","",,
"1","Surrey","[5915004]","471","468","",,
"1","White Rock","[5915007]","472","468","",,
"1","Delta","[5915011]","473","468","",,
"1","Richmond","[5915015]","474","468","",,
"1","Greater Vancouver A","[5915020]","475","468","",,
"1","Vancouver","[5915022]","476","468","",,
"1","Burnaby","[5915025]","477","468","",,
"1","New Westminster","[5915029]","478","468","",,
"1","Coquitlam","[5915034]","479","468","",,
"1","Port Coquitlam","[5915039]","480","468","",,
"1","Port Moody","[5915043]","481","468","",,
"1","North Vancouver","[5915046]","482","468","",,
"1","North Vancouver","[5915051]","483","468","",,
"1","West Vancouver","[5915055]","484","468","",,
"1","Pitt Meadows","[5915070]","485","468","",,
"1","Maple Ridge","[5915075]","486","468","",,
"1","Victoria","[935]","487","","",,
"1","North Saanich","[5917005]","488","487","",,
"1","Sidney","[5917010]","489","487","",,
"1","Central Saanich","[5917015]","490","487","",,
"1","Saanich","[5917021]","491","487","",,
"1","Oak Bay","[5917030]","492","487","",,
"1","Victoria","[5917034]","493","487","",,
"1","Esquimalt","[5917040]","494","487","",,
"1","Colwood","[5917041]","495","487","",,
"1","Metchosin","[5917042]","496","487","",,
"1","Langford","[5917044]","497","487","",,
"1","View Royal","[5917047]","498","487","",,
"1","Highlands","[5917049]","499","487","",,
"1","Sooke","[5917052]","500","487","",,
"1","Juan de Fuca (Part 1)","[5917054]","501","487","",,
"1","Cole Bay 3","[5917801]","502","487","",,
"1","Union Bay 4","[5917802]","503","487","",,
"1","East Saanich 2","[5917803]","504","487","",,
"1","South Saanich 1","[5917804]","505","487","",,
"1","Becher Bay 1","[5917809]","506","487","",,
"1","Esquimalt","[5917811]","507","487","",,
"1","New Songhees 1A","[5917812]","508","487","",,
"1","T'Sou-ke","[5917819]","509","487","",,
"2","Total, with employees","","1","","",,
"2","1 to 4 employees","","2","1","",,
"2","5 to 9 employees","","3","1","",,
"2","10 to 19 employees","","4","1","",,
"2","20 to 49 employees","","5","1","",,
"2","50 to 99 employees","","6","1","",,
"2","100 to 199 employees","","7","1","",,
"2","200 to 499 employees","","8","1","",,
"2","500 plus employees","","9","1","",,
"3","Total, all industries","[1]","1","","",,
"3","Unclassified","[2]","2","1","",6,
"3","Sub-total, classified","[3]","3","1","",,
"3","Agriculture, forestry, fishing and hunting","[11]","4","3","",,
"3","Mining, quarrying, and oil and gas extraction","[21]","5","3","",,
"3","Utilities","[22]","6","3","",,
"3","Construction","[23]","7","3","",,
"3","Manufacturing","[31-33]","8","3","",,
"3","Wholesale trade","[41]","9","3","",,
"3","Retail trade","[44-45]","10","3","",,
"3","Transportation and warehousing","[48-49]","11","3","",,
"3","Information and cultural industries","[51]","12","3","",,
"3","Finance and insurance","[52]","13","3","",,
"3","Real estate and rental and leasing","[53]","14","3","",,
"3","Professional, scientific and technical services","[54]","15","3","",,
"3","Management of companies and enterprises","[55]","16","3","",,
"3","Administrative and support, waste management and remediation services","[56]","17","3","",,
"3","Educational services","[61]","18","3","",,
"3","Health care and social assistance","[62]","19","3","",,
"3","Arts, entertainment and recreation","[71]","20","3","",,
"3","Accommodation and food services","[72]","21","3","",,
"3","Other services (except public administration)","[81]","22","3","",,
"3","Public administration","[91]","23","3","",,
"3","Crop production","[111]","24","3","",,
"3","Animal production and aquaculture","[112]","25","3","",,
"3","Forestry and logging","[113]","26","3","",,
"3","Fishing, hunting and trapping","[114]","27","3","",,
"3","Support activities for agriculture and forestry","[115]","28","3","",,
"3","Oil and gas extraction","[211]","29","3","",,
"3","Mining and quarrying (except oil and gas)","[212]","30","3","",,
"3","Support activities for mining, and oil and gas extraction","[213]","31","3","",,
"3","Utilities","[221]","32","3","",,
"3","Construction of buildings","[236]","33","3","",,
"3","Heavy and civil engineering construction","[237]","34","3","",,
"3","Specialty trade contractors","[238]","35","3","",,
"3","Food manufacturing","[311]","36","3","",,
"3","Beverage and tobacco product manufacturing","[312]","37","3","",,
"3","Textile mills","[313]","38","3","",,
"3","Textile product mills","[314]","39","3","",,
"3","Clothing manufacturing","[315]","40","3","",,
"3","Leather and allied product manufacturing","[316]","41","3","",,
"3","Wood product manufacturing","[321]","42","3","",,
"3","Paper manufacturing","[322]","43","3","",,
"3","Printing and related support activities","[323]","44","3","",,
"3","Petroleum and coal product manufacturing","[324]","45","3","",,
"3","Chemical manufacturing","[325]","46","3","",,
"3","Plastics and rubber products manufacturing","[326]","47","3","",,
"3","Non-metallic mineral product manufacturing","[327]","48","3","",,
"3","Primary metal manufacturing","[331]","49","3","",,
"3","Fabricated metal product manufacturing","[332]","50","3","",,
"3","Machinery manufacturing","[333]","51","3","",,
"3","Computer and electronic product manufacturing","[334]","52","3","",,
"3","Electrical equipment, appliance and component manufacturing","[335]","53","3","",,
"3","Transportation equipment manufacturing","[336]","54","3","",,
"3","Furniture and related product manufacturing","[337]","55","3","",,
"3","Miscellaneous manufacturing","[339]","56","3","",,
"3","Farm product merchant wholesalers","[411]","57","3","",,
"3","Petroleum and petroleum products merchant wholesalers","[412]","58","3","",,
"3","Food, beverage and tobacco merchant wholesalers","[413]","59","3","",,
"3","Personal and household goods merchant wholesalers","[414]","60","3","",,
"3","Motor vehicle and motor vehicle parts and accessories merchant wholesalers","[415]","61","3","",,
"3","Building material and supplies merchant wholesalers","[416]","62","3","",,
"3","Machinery, equipment and supplies merchant wholesalers","[417]","63","3","",,
"3","Miscellaneous merchant wholesalers","[418]","64","3","",,
"3","Business-to-business electronic markets, and agents and brokers","[419]","65","3","",,
"3","Motor vehicle and parts dealers","[441]","66","3","",,
"3","Furniture and home furnishings stores","[442]","67","3","",,
"3","Electronics and appliance stores","[443]","68","3","",,
"3","Building material and garden equipment and supplies dealers","[444]","69","3","",,
"3","Food and beverage stores","[445]","70","3","",,
"3","Health and personal care stores","[446]","71","3","",,
"3","Gasoline stations","[447]","72","3","",,
"3","Clothing and clothing accessories stores","[448]","73","3","",,
"3","Sporting goods, hobby, book and music stores","[451]","74","3","",,
"3","General merchandise stores","[452]","75","3","",,
"3","Miscellaneous store retailers","[453]","76","3","",,
"3","Non-store retailers","[454]","77","3","",,
"3","Air transportation","[481]","78","3","",,
"3","Rail transportation","[482]","79","3","",,
"3","Water transportation","[483]","80","3","",,
"3","Truck transportation","[484]","81","3","",,
"3","Transit and ground passenger transportation","[485]","82","3","",,
"3","Pipeline transportation","[486]","83","3","",,
"3","Scenic and sightseeing transportation","[487]","84","3","",,
"3","Support activities for transportation","[488]","85","3","",,
"3","Postal service","[491]","86","3","",,
"3","Couriers and messengers","[492]","87","3","",,
"3","Warehousing and storage","[493]","88","3","",,
"3","Publishing industries","[511]","89","3","",,
"3","Motion picture and sound recording industries","[512]","90","3","",,
"3","Broadcasting (except Internet)","[515]","91","3","",,
"3","Telecommunications","[517]","92","3","",,
"3","Data processing, hosting, and related services","[518]","93","3","",,
"3","Other information services","[519]","94","3","",,
"3","Monetary authorities - central bank","[521]","95","3","",,
"3","Credit intermediation and related activities","[522]","96","3","",,
"3","Securities, commodity contracts, and other financial investment and related activities","[523]","97","3","",,
"3","Insurance carriers and related activities","[524]","98","3","",,
"3","Funds and other financial vehicles","[526]","99","3","",,
"3","Real estate","[531]","100","3","",,
"3","Rental and leasing services","[532]","101","3","",,
"3","Lessors of non-financial intangible assets (except copyrighted works)","[533]","102","3","",,
"3","Professional, scientific and technical services","[541]","103","3","",,
"3","Management of companies and enterprises","[551]","104","3","",,
"3","Administrative and support services","[561]","105","3","",,
"3","Waste management and remediation services","[562]","106","3","",,
"3","Educational services","[611]","107","3","",,
"3","Ambulatory health care services","[621]","108","3","",,
"3","Hospitals","[622]","109","3","",,
"3","Nursing and residential care facilities","[623]","110","3","",,
"3","Social assistance","[624]","111","3","",,
"3","Performing arts, spectator sports and related industries","[711]","112","3","",,
"3","Heritage institutions","[712]","113","3","",,
"3","Amusement, gambling and recreation industries","[713]","114","3","",,
"3","Accommodation services","[721]","115","3","",,
"3","Food services and drinking places","[722]","116","3","",,
"3","Repair and maintenance","[811]","117","3","",,
"3","Personal and laundry services","[812]","118","3","",,
"3","Religious, grant-making, civic, and professional and similar organizations","[813]","119","3","",,
"3","Private households","[814]","120","3","",,
"3","Federal government public administration","[911]","121","3","",,
"3","Provincial and territorial public administration","[912]","122","3","",,
"3","Local, municipal and regional public administration","[913]","123","3","",,
"3","Aboriginal public administration","[914]","124","3","",,
"3","International and other extra-territorial public administration","[919]","125","3","",,
"3","Oilseed and grain farming","[1111]","126","3","",,
"3","Vegetable and melon farming","[1112]","127","3","",,
"3","Fruit and tree nut farming","[1113]","128","3","",,
"3","Greenhouse, nursery and floriculture production","[1114]","129","3","",,
"3","Other crop farming","[1119]","130","3","",,
"3","Cattle ranching and farming","[1121]","131","3","",,
"3","Hog and pig farming","[1122]","132","3","",,
"3","Poultry and egg production","[1123]","133","3","",,
"3","Sheep and goat farming","[1124]","134","3","",,
"3","Aquaculture","[1125]","135","3","",,
"3","Other animal production","[1129]","136","3","",,
"3","Timber tract operations","[1131]","137","3","",,
"3","Forest nurseries and gathering of forest products","[1132]","138","3","",,
"3","Logging","[1133]","139","3","",,
"3","Fishing","[1141]","140","3","",,
"3","Hunting and trapping","[1142]","141","3","",,
"3","Support activities for crop production","[1151]","142","3","",,
"3","Support activities for animal production","[1152]","143","3","",,
"3","Support activities for forestry","[1153]","144","3","",,
"3","Oil and gas extraction","[2111]","145","3","",,
"3","Coal mining","[2121]","146","3","",,
"3","Metal ore mining","[2122]","147","3","",,
"3","Non-metallic mineral mining and quarrying","[2123]","148","3","",,
"3","Support activities for mining, and oil and gas extraction","[2131]","149","3","",,
"3","Electric power generation, transmission and distribution","[2211]","150","3","",,
"3","Natural gas distribution","[2212]","151","3","",,
"3","Water, sewage and other systems","[2213]","152","3","",,
"3","Residential building construction","[2361]","153","3","",,
"3","Non-residential building construction","[2362]","154","3","",,
"3","Utility system construction","[2371]","155","3","",,
"3","Land subdivision","[2372]","156","3","",,
"3","Highway, street and bridge construction","[2373]","157","3","",,
"3","Other heavy and civil engineering construction","[2379]","158","3","",,
"3","Foundation, structure, and building exterior contractors","[2381]","159","3","",,
"3","Building equipment contractors","[2382]","160","3","",,
"3","Building finishing contractors","[2383]","161","3","",,
"3","Other specialty trade contractors","[2389]","162","3","",,
"3","Animal food manufacturing","[3111]","163","3","",,
"3","Grain and oilseed milling","[3112]","164","3","",,
"3","Sugar and confectionery product manufacturing","[3113]","165","3","",,
"3","Fruit and vegetable preserving and specialty food manufacturing","[3114]","166","3","",,
"3","Dairy product manufacturing","[3115]","167","3","",,
"3","Meat product manufacturing","[3116]","168","3","",,
"3","Seafood product preparation and packaging","[3117]","169","3","",,
"3","Bakeries and tortilla manufacturing","[3118]","170","3","",,
"3","Other food manufacturing","[3119]","171","3","",,
"3","Beverage manufacturing","[3121]","172","3","",,
"3","Tobacco manufacturing","[3122]","173","3","",,
"3","Cannabis product manufacturing","[3123]","174","3","",,
"3","Fibre, yarn and thread mills","[3131]","175","3","",,
"3","Fabric mills","[3132]","176","3","",,
"3","Textile and fabric finishing and fabric coating","[3133]","177","3","",,
"3","Textile furnishings mills","[3141]","178","3","",,
"3","Other textile product mills","[3149]","179","3","",,
"3","Clothing knitting mills","[3151]","180","3","",,
"3","Cut and sew clothing manufacturing","[3152]","181","3","",,
"3","Clothing accessories and other clothing manufacturing","[3159]","182","3","",,
"3","Leather and hide tanning and finishing","[3161]","183","3","",,
"3","Footwear manufacturing","[3162]","184","3","",,
"3","Other leather and allied product manufacturing","[3169]","185","3","",,
"3","Sawmills and wood preservation","[3211]","186","3","",,
"3","Veneer, plywood and engineered wood product manufacturing","[3212]","187","3","",,
"3","Other wood product manufacturing","[3219]","188","3","",,
"3","Pulp, paper and paperboard mills","[3221]","189","3","",,
"3","Converted paper product manufacturing","[3222]","190","3","",,
"3","Printing and related support activities","[3231]","191","3","",,
"3","Petroleum and coal product manufacturing","[3241]","192","3","",,
"3","Basic chemical manufacturing","[3251]","193","3","",,
"3","Resin, synthetic rubber, and artificial and synthetic fibres and filaments manufacturing","[3252]","194","3","",,
"3","Pesticide, fertilizer and other agricultural chemical manufacturing","[3253]","195","3","",,
"3","Pharmaceutical and medicine manufacturing","[3254]","196","3","",,
"3","Paint, coating and adhesive manufacturing","[3255]","197","3","",,
"3","Soap, cleaning compound and toilet preparation manufacturing","[3256]","198","3","",,
"3","Other chemical product manufacturing","[3259]","199","3","",,
"3","Plastic product manufacturing","[3261]","200","3","",,
"3","Rubber product manufacturing","[3262]","201","3","",,
"3","Clay product and refractory manufacturing","[3271]","202","3","",,
"3","Glass and glass product manufacturing","[3272]","203","3","",,
"3","Cement and concrete product manufacturing","[3273]","204","3","",,
"3","Lime and gypsum product manufacturing","[3274]","205","3","",,
"3","Other non-metallic mineral product manufacturing","[3279]","206","3","",,
"3","Iron and steel mills and ferro-alloy manufacturing","[3311]","207","3","",,
"3","Steel product manufacturing from purchased steel","[3312]","208","3","",,
"3","Alumina and aluminum production and processing","[3313]","209","3","",,
"3","Non-ferrous metal (except aluminum) production and processing","[3314]","210","3","",,
"3","Foundries","[3315]","211","3","",,
"3","Forging and stamping","[3321]","212","3","",,
"3","Cutlery and hand tool manufacturing","[3322]","213","3","",,
"3","Architectural and structural metals manufacturing","[3323]","214","3","",,
"3","Boiler, tank and shipping container manufacturing","[3324]","215","3","",,
"3","Hardware manufacturing","[3325]","216","3","",,
"3","Spring and wire product manufacturing","[3326]","217","3","",,
"3","Machine shops, turned product, and screw, nut and bolt manufacturing","[3327]","218","3","",,
"3","Coating, engraving, cold and heat treating and allied activities","[3328]","219","3","",,
"3","Other fabricated metal product manufacturing","[3329]","220","3","",,
"3","Agricultural, construction and mining machinery manufacturing","[3331]","221","3","",,
"3","Industrial machinery manufacturing","[3332]","222","3","",,
"3","Commercial and service industry machinery manufacturing","[3333]","223","3","",,
"3","Ventilation, heating, air-conditioning and commercial refrigeration equipment manufacturing","[3334]","224","3","",,
"3","Metalworking machinery manufacturing","[3335]","225","3","",,
"3","Engine, turbine and power transmission equipment manufacturing","[3336]","226","3","",,
"3","Other general-purpose machinery manufacturing","[3339]","227","3","",,
"3","Computer and peripheral equipment manufacturing","[3341]","228","3","",,
"3","Communications equipment manufacturing","[3342]","229","3","",,
"3","Audio and video equipment manufacturing","[3343]","230","3","",,
"3","Semiconductor and other electronic component manufacturing","[3344]","231","3","",,
"3","Navigational, measuring, medical and control instruments manufacturing","[3345]","232","3","",,
"3","Manufacturing and reproducing magnetic and optical media","[3346]","233","3","",,
"3","Electric lighting equipment manufacturing","[3351]","234","3","",,
"3","Household appliance manufacturing","[3352]","235","3","",,
"3","Electrical equipment manufacturing","[3353]","236","3","",,
"3","Other electrical equipment and component manufacturing","[3359]","237","3","",,
"3","Motor vehicle manufacturing","[3361]","238","3","",,
"3","Motor vehicle body and trailer manufacturing","[3362]","239","3","",,
"3","Motor vehicle parts manufacturing","[3363]","240","3","",,
"3","Aerospace product and parts manufacturing","[3364]","241","3","",,
"3","Railroad rolling stock manufacturing","[3365]","242","3","",,
"3","Ship and boat building","[3366]","243","3","",,
"3","Other transportation equipment manufacturing","[3369]","244","3","",,
"3","Household and institutional furniture and kitchen cabinet manufacturing","[3371]","245","3","",,
"3","Office furniture (including fixtures) manufacturing","[3372]","246","3","",,
"3","Other furniture-related product manufacturing","[3379]","247","3","",,
"3","Medical equipment and supplies manufacturing","[3391]","248","3","",,
"3","Other miscellaneous manufacturing","[3399]","249","3","",,
"3","Farm product merchant wholesalers","[4111]","250","3","",,
"3","Petroleum and petroleum products merchant wholesalers","[4121]","251","3","",,
"3","Food merchant wholesalers","[4131]","252","3","",,
"3","Beverage merchant wholesalers","[4132]","253","3","",,
"3","Cigarette and tobacco product merchant wholesalers","[4133]","254","3","",,
"3","Cannabis merchant wholesalers","[4134]","255","3","",,
"3","Textile, clothing and footwear merchant wholesalers","[4141]","256","3","",,
"3","Home entertainment equipment and household appliance merchant wholesalers","[4142]","257","3","",,
"3","Home furnishings merchant wholesalers","[4143]","258","3","",,
"3","Personal goods merchant wholesalers","[4144]","259","3","",,
"3","Pharmaceuticals, toiletries, cosmetics and sundries merchant wholesalers","[4145]","260","3","",,
"3","Motor vehicle merchant wholesalers","[4151]","261","3","",,
"3","New motor vehicle parts and accessories merchant wholesalers","[4152]","262","3","",,
"3","Used motor vehicle parts and accessories merchant wholesalers","[4153]","263","3","",,
"3","Electrical, plumbing, heating and air-conditioning equipment and supplies merchant wholesalers","[4161]","264","3","",,
"3","Metal service centres","[4162]","265","3","",,
"3","Lumber, millwork, hardware and other building supplies merchant wholesalers","[4163]","266","3","",,
"3","Farm, lawn and garden machinery and equipment merchant wholesalers","[4171]","267","3","",,
"3","Construction, forestry, mining, and industrial machinery, equipment and supplies merchant wholesalers","[4172]","268","3","",,
"3","Computer and communications equipment and supplies merchant wholesalers","[4173]","269","3","",,
"3","Other machinery, equipment and supplies merchant wholesalers","[4179]","270","3","",,
"3","Recyclable material merchant wholesalers","[4181]","271","3","",,
"3","Paper, paper product and disposable plastic product merchant wholesalers","[4182]","272","3","",,
"3","Agricultural supplies merchant wholesalers","[4183]","273","3","",,
"3","Chemical (except agricultural) and allied product merchant wholesalers","[4184]","274","3","",,
"3","Other miscellaneous merchant wholesalers","[4189]","275","3","",,
"3","Business-to-business electronic markets, and agents and brokers","[4191]","276","3","",,
"3","Automobile dealers","[4411]","277","3","",,
"3","Other motor vehicle dealers","[4412]","278","3","",,
"3","Automotive parts, accessories and tire stores","[4413]","279","3","",,
"3","Furniture stores","[4421]","280","3","",,
"3","Home furnishings stores","[4422]","281","3","",,
"3","Electronics and appliance stores","[4431]","282","3","",,
"3","Building material and supplies dealers","[4441]","283","3","",,
"3","Lawn and garden equipment and supplies stores","[4442]","284","3","",,
"3","Grocery stores","[4451]","285","3","",,
"3","Specialty food stores","[4452]","286","3","",,
"3","Beer, wine and liquor stores","[4453]","287","3","",,
"3","Health and personal care stores","[4461]","288","3","",,
"3","Gasoline stations","[4471]","289","3","",,
"3","Clothing stores","[4481]","290","3","",,
"3","Shoe stores","[4482]","291","3","",,
"3","Jewellery, luggage and leather goods stores","[4483]","292","3","",,
"3","Sporting goods, hobby and musical instrument stores","[4511]","293","3","",,
"3","Book stores and news dealers","[4513]","294","3","",,
"3","Department stores","[4521]","295","3","",,
"3","Other general merchandise stores","[4529]","296","3","",,
"3","Florists","[4531]","297","3","",,
"3","Office supplies, stationery and gift stores","[4532]","298","3","",,
"3","Used merchandise stores","[4533]","299","3","",,
"3","Other miscellaneous store retailers","[4539]","300","3","",,
"3","Electronic shopping and mail-order houses","[4541]","301","3","",,
"3","Vending machine operators","[4542]","302","3","",,
"3","Direct selling establishments","[4543]","303","3","",,
"3","Scheduled air transportation","[4811]","304","3","",,
"3","Non-scheduled air transportation","[4812]","305","3","",,
"3","Rail transportation","[4821]","306","3","",,
"3","Deep sea, coastal and Great Lakes water transportation","[4831]","307","3","",,
"3","Inland water transportation","[4832]","308","3","",,
"3","General freight trucking","[4841]","309","3","",,
"3","Specialized freight trucking","[4842]","310","3","",,
"3","Urban transit systems","[4851]","311","3","",,
"3","Interurban and rural bus transportation","[4852]","312","3","",,
"3","Taxi and limousine service","[4853]","313","3","",,
"3","School and employee bus transportation","[4854]","314","3","",,
"3","Charter bus industry","[4855]","315","3","",,
"3","Other transit and ground passenger transportation","[4859]","316","3","",,
"3","Pipeline transportation of crude oil","[4861]","317","3","",,
"3","Pipeline transportation of natural gas","[4862]","318","3","",,
"3","Other pipeline transportation","[4869]","319","3","",,
"3","Scenic and sightseeing transportation, land","[4871]","320","3","",,
"3","Scenic and sightseeing transportation, water","[4872]","321","3","",,
"3","Scenic and sightseeing transportation, other","[4879]","322","3","",,
"3","Support activities for air transportation","[4881]","323","3","",,
"3","Support activities for rail transportation","[4882]","324","3","",,
"3","Support activities for water transportation","[4883]","325","3","",,
"3","Support activities for road transportation","[4884]","326","3","",,
"3","Freight transportation arrangement","[4885]","327","3","",,
"3","Other support activities for transportation","[4889]","328","3","",,
"3","Postal service","[4911]","329","3","",,
"3","Couriers","[4921]","330","3","",,
"3","Local messengers and local delivery","[4922]","331","3","",,
"3","Warehousing and storage","[4931]","332","3","",,
"3","Newspaper, periodical, book and directory publishers","[5111]","333","3","",,
"3","Software publishers","[5112]","334","3","",,
"3","Motion picture and video industries","[5121]","335","3","",,
"3","Sound recording industries","[5122]","336","3","",,
"3","Radio and television broadcasting","[5151]","337","3","",,
"3","Pay and specialty television","[5152]","338","3","",,
"3","Wired and wireless telecommunications carriers(except satellite)","[5173]","339","3","",,
"3","Satellite telecommunications","[5174]","340","3","",,
"3","Other telecommunications","[5179]","341","3","",,
"3","Data processing, hosting, and related services","[5182]","342","3","",,
"3","Other information services","[5191]","343","3","",,
"3","Monetary authorities - central bank","[5211]","344","3","",,
"3","Depository credit intermediation","[5221]","345","3","",,
"3","Non-depository credit intermediation","[5222]","346","3","",,
"3","Activities related to credit intermediation","[5223]","347","3","",,
"3","Securities and commodity contracts intermediation and brokerage","[5231]","348","3","",,
"3","Securities and commodity exchanges","[5232]","349","3","",,
"3","Other financial investment activities","[5239]","350","3","",,
"3","Insurance carriers","[5241]","351","3","",,
"3","Agencies, brokerages and other insurance related activities","[5242]","352","3","",,
"3","Pension funds","[5261]","353","3","",,
"3","Other funds and financial vehicles","[5269]","354","3","",,
"3","Lessors of real estate","[5311]","355","3","",,
"3","Offices of real estate agents and brokers","[5312]","356","3","",,
"3","Activities related to real estate","[5313]","357","3","",,
"3","Automotive equipment rental and leasing","[5321]","358","3","",,
"3","Consumer goods rental","[5322]","359","3","",,
"3","General rental centres","[5323]","360","3","",,
"3","Commercial and industrial machinery and equipment rental and leasing","[5324]","361","3","",,
"3","Lessors of non-financial intangible assets (except copyrighted works)","[5331]","362","3","",,
"3","Legal services","[5411]","363","3","",,
"3","Accounting, tax preparation, bookkeeping and payroll services","[5412]","364","3","",,
"3","Architectural, engineering and related services","[5413]","365","3","",,
"3","Specialized design services","[5414]","366","3","",,
"3","Computer systems design and related services","[5415]","367","3","",,
"3","Management, scientific and technical consulting services","[5416]","368","3","",,
"3","Scientific research and development services","[5417]","369","3","",,
"3","Advertising, public relations, and related services","[5418]","370","3","",,
"3","Other professional, scientific and technical services","[5419]","371","3","",,
"3","Management of companies and enterprises","[5511]","372","3","",,
"3","Office administrative services","[5611]","373","3","",,
"3","Facilities support services","[5612]","374","3","",,
"3","Employment services","[5613]","375","3","",,
"3","Business support services","[5614]","376","3","",,
"3","Travel arrangement and reservation services","[5615]","377","3","",,
"3","Investigation and security services","[5616]","378","3","",,
"3","Services to buildings and dwellings","[5617]","379","3","",,
"3","Other support services","[5619]","380","3","",,
"3","Waste collection","[5621]","381","3","",,
"3","Waste treatment and disposal","[5622]","382","3","",,
"3","Remediation and other waste management services","[5629]","383","3","",,
"3","Elementary and secondary schools","[6111]","384","3","",,
"3","Community colleges and C.E.G.E.P.s","[6112]","385","3","",,
"3","Universities","[6113]","386","3","",,
"3","Business schools and computer and management training","[6114]","387","3","",,
"3","Technical and trade schools","[6115]","388","3","",,
"3","Other schools and instruction","[6116]","389","3","",,
"3","Educational support services","[6117]","390","3","",,
"3","Offices of physicians","[6211]","391","3","",,
"3","Offices of dentists","[6212]","392","3","",,
"3","Offices of other health practitioners","[6213]","393","3","",,
"3","Out-patient care centres","[6214]","394","3","",,
"3","Medical and diagnostic laboratories","[6215]","395","3","",,
"3","Home health care services","[6216]","396","3","",,
"3","Other ambulatory health care services","[6219]","397","3","",,
"3","General medical and surgical hospitals","[6221]","398","3","",,
"3","Psychiatric and substance abuse hospitals","[6222]","399","3","",,
"3","Specialty (except psychiatric and substance abuse) hospitals","[6223]","400","3","",,
"3","Nursing care facilities","[6231]","401","3","",,
"3","Residential developmental handicap, mental health and substance abuse facilities","[6232]","402","3","",,
"3","Community care facilities for the elderly","[6233]","403","3","",,
"3","Other residential care facilities","[6239]","404","3","",,
"3","Individual and family services","[6241]","405","3","",,
"3","Community food and housing, and emergency and other relief services","[6242]","406","3","",,
"3","Vocational rehabilitation services","[6243]","407","3","",,
"3","Child day-care services","[6244]","408","3","",,
"3","Performing arts companies","[7111]","409","3","",,
"3","Spectator sports","[7112]","410","3","",,
"3","Promoters (presenters) of performing arts, sports and similar events","[7113]","411","3","",,
"3","Agents and managers for artists, athletes, entertainers and other public figures","[7114]","412","3","",,
"3","Independent artists, writers and performers","[7115]","413","3","",,
"3","Heritage institutions","[7121]","414","3","",,
"3","Amusement parks and arcades","[7131]","415","3","",,
"3","Gambling industries","[7132]","416","3","",,
"3","Other amusement and recreation industries","[7139]","417","3","",,
"3","Traveller accommodation","[7211]","418","3","",,
"3","Recreational vehicle (RV) parks and recreational camps","[7212]","419","3","",,
"3","Rooming and boarding houses","[7213]","420","3","",,
"3","Special food services","[7223]","421","3","",,
"3","Drinking places (alcoholic beverages)","[7224]","422","3","",,
"3","Full-service restaurants and limited-service eating places","[7225]","423","3","",,
"3","Automotive repair and maintenance","[8111]","424","3","",,
"3","Electronic and precision equipment repair and maintenance","[8112]","425","3","",,
"3","Commercial and industrial machinery and equipment (except automotive and electronic) repair and maintenance","[8113]","426","3","",,
"3","Personal and household goods repair and maintenance","[8114]","427","3","",,
"3","Personal care services","[8121]","428","3","",,
"3","Funeral services","[8122]","429","3","",,
"3","Dry cleaning and laundry services","[8123]","430","3","",,
"3","Other personal services","[8129]","431","3","",,
"3","Religious organizations","[8131]","432","3","",,
"3","Grant-making and giving services","[8132]","433","3","",,
"3","Social advocacy organizations","[8133]","434","3","",,
"3","Civic and social organizations","[8134]","435","3","",,
"3","Business, professional, labour and other membership organizations","[8139]","436","3","",,
"3","Private households","[8141]","437","3","",,
"3","Defence services","[9111]","438","3","",,
"3","Federal protective services","[9112]","439","3","",,
"3","Federal labour, employment and immigration services","[9113]","440","3","",,
"3","Foreign affairs and international assistance","[9114]","441","3","",,
"3","Other federal government public administration","[9119]","442","3","",,
"3","Provincial protective services","[9121]","443","3","",,
"3","Provincial labour and employment services","[9122]","444","3","",,
"3","Other provincial and territorial public administration","[9129]","445","3","",,
"3","Municipal protective services","[9131]","446","3","",,
"3","Other local, municipal and regional public administration","[9139]","447","3","",,
"3","Aboriginal public administration","[9141]","448","3","",,
"3","International and other extra-territorial public administration","[9191]","449","3","",,

Symbol Legend
Description,Symbol
"not available for a specific reference period","..",
"less than the limit of detection","<LOD",
"value rounded to 0 (zero) where there is a meaningful distinction between true zero and the value that was rounded","0s",
"data quality: excellent","A",
"data quality: very good","B",
"data quality: good","C",
"data quality: acceptable","D",
"use with caution","E",
"too unreliable to be published","F",
"not applicable","...",
"preliminary","p",
"revised","r",
"suppressed to meet the confidentiality requirements of the Statistics Act","x",
"terminated","t",

"Survey Code","Survey Name"
"1105","Business Register"

"Subject Code","Subject Name"
"33","Business performance and ownership"

"Note ID",Note
1,"Businesses are counted according to the number of "statistical locations" they have. For example, a retail business with 10 stores and a head office is counted 11 times in the Canadian business counts. Please consult our <a href="https://www.statcan.gc.ca/eng/statistical-programs/document/1105_D16_T9_V1">guide</a> for more information."
2,"The data includes active Canadian locations with employees."
3,"Fluctuations in these figures from one reference period to another can come from methodological changes (for example, changes to the method for identifying inactive units or in business industrial classification strategies). As a result, these data do not only represent changes in the business population over time. Statistics Canada advises users not to use these data as a time series."
4,"The employment size ranges provided should not be used to calculate total number of employees."
5,"The 2017 version of the <a href="http://www.statcan.gc.ca/eng/subjects/standard/naics/2017v2/index">North American Industry Classification System (NAICS)</a> is used for this table."
6,"The Unclassified category is composed of units which have not been coded to an industry."

"Correction ID","Correction Date","Correction Note"
